{
    "ahiru.png": "Ahiru",
    "alvida1.png": "Alvida",
    "alvida2.png": "Alvida",
    "alvida3.png": "Alvida",
    "baby5.png": "Baby5",
    "bellett.png": "Bellett",
    "bellmere.png": "Bellmere",
    "belo betty.png": "Belo Betty",
    "black maria2.png": "Black Maria",
    "black maria3.png": "Black Maria",
    "black maria4.png": "Black Maria",
    "boa hancock1.png": "Boa Hancock",
    "boa hancock2.png": "Boa Hancock",
    "boa hancock3.png": "Boa Hancock",
    "boa hancock4.png": "Boa Hancock",
    "boa hancock5.png": "Boa Hancock",
    "caimanlady.png": "Caimanlady",
    "camie1.png": "Camie",
    "camie2.png": "Camie",
    "camie3.png": "Camie",
    "carrot1.png": "Carrot",
    "carrot2.png": "Carrot",
    "carrot3.png": "Carrot",
    "charlotte pudding1.png": "Charlotte Pudding",
    "charlotte pudding2.png": "Charlotte Pudding",
    "charlotte pudding3.png": "Charlotte Pudding",
    "doll1.png": "Doll",
    "doll2.png": "Doll",
    "galette.png": "Galette", 
    "ginrummy.png": "Ginrummy",
    "gion.png": "Gion",
    "hina1.png": "Hina",
    "hina2.png": "Hina",
    "jewelry bonney1.p": "Jewelry Bonney",
    "jewelry bonney2.p": "Jewelry Bonney",
    "jewelry bonney3.p": "Jewelry Bonney",
    "kalifa1.png": "Kalifa",
    "kalifa2.png": "Kalifa",
    "kikunojo.png": "Kikunojo",
    "koala1.png": "Koala",
    "koala2.png": "Koala",
    "kouzuki hiyori.png": "Kouzuki Hiyori",
    "kouzuki toki.png": "Kouzuki Toki",
    "law.png": "Law",
    "lilith.png": "Lilith",
    "makino1.png": "Makino",
    "makino2.png": "Makino",
    "monet1.png": "Monet",
    "monet2.png": "Monet",
    "monet3.png": "Monet",
    "nami1.png": "Nami",
    "nami2.png": "Nami",
    "nami3.png": "Nami",
    "nami4.png": "Nami",
    "nami5.png": "Nami",
    "nami6.png": "Nami",
    "nami7.png": "Nami",
    "nami8.png": "Nami",
    "nami9.png": "Nami",
    "nami10.png": "Nami",
    "nami11.png": "Nami",
    "nami12.png": "Nami",
    "nami13.png": "Nami",
    "nami14.png": "Nami",
    "nami15.png": "Nami",
    "nami16.png": "Nami",
    "nami17.png": "Nami",
    "nami18.png": "Nami",
    "nami19.png": "Nami",
    "nami20.png": "Nami",
    "nami21.png": "Nami",
    "nami22.png": "Nami",
    "nami23.png": "Nami",
    "nami24.png": "Nami",
    "nami25.png": "Nami",
    "nami26.png": "Nami",
    "nico robin1.png": "Nico Robin",
    "nico robin2.png": "Nico Robin",
    "nico robin3.png": "Nico Robin",
    "nico robin4.png": "Nico Robin",
    "nico robin5.png": "Nico Robin",
    "nico robin6.png": "Nico Robin",
    "nico robin7.png": "Nico Robin",
    "nico robin8.png": "Nico Robin",
    "nico robin9.png": "Nico Robin",
    "nico robin10.png": "Nico Robin",
    "nico robin11.png": "Nico Robin",
    "nico robin12.png": "Nico Robin",
    "nico robin13.png": "Nico Robin",
    "nico robin14.png": "Nico Robin",
    "nico robin 14.png": "Nico Robin",
    "nico robin15.png": "Nico Robin",
    "nico robin16.png": "Nico Robin",
    "nico robin17.png": "Nico Robin",
    "nico robin18.png": "Nico Robin",
    "nico robin 19.png": "Nico Robin",
    "nico robin20.png": "Nico Robin",
    "nojiko.png": "Nojiko",
    "rebecca1.png": "Rebecca",
    "rebecca2.png": "Rebecca",
    "rebecca3.png": "Rebecca",
    "reiju1.png": "Reiju",
    "reiju2.png": "Reiju",
    "sadi1.png": "Sadi",
    "sadi2.png": "Sadi",
    "shakuyaku.png": "Shakuyaku",
    "shirahoshi1.png": "Shirahoshi",
    "shirahoshi2.png": "Shirahoshi",
    "speed1.png": "Speed",
    "speed2.png": "Speed",
    "stussy.png": "Stussy",
    "tashigi.png": "Tashigi",
    "ulti.png": "Ulti", 
    "viola1.png": "Viola",
    "viola2.png": "Viola",
    "vivil.png": "Vivi",
    "vivi2.png": "Vivi",
    "vivi3.png": "Vivi",
    "vivi4.png": "Vivi", 
    "wanda1.png": "Wanda",
    "wanda2.png": "Wanda",
    "yamato.png": "Yamato",
    "zala.png": "Zala"
    }